{
  "rmse": 2422847.9478480364,
  "mae": 1844609.8356050185,
  "r2": 0.8480328749784208,
  "rows_total": 119522,
  "rows_val": 23905
}